{
  "Character": [
    {
      "Filename": "Hireling",
      "Root": "Hireling",
      "Speed": {
        "x": 1.15,
        "y": 1.0,
        "z": 1.0
      },
      "Health": 40,
      "CorpusBlocks": [
        "Corpus_Hireling_Noob"
      ],
      "AnimationSet": "Animset_Hirelings",
      "DefaultArmor": [
        "Gear_Hire_Noob"
      ],
      "SlamExplode": "MagSlam",
      "Behaviors": [
        6,9,24,3,35,40,22,48,47,61,49,31,4,5,46,28,36,19,7,8,60
      ],
      "Traits": [
        3,2,1,12,32,56,24,41,42,11,27
      ]
    },
    {
      "Filename": "Hireling_Agent",
      "Root": "Hireling",
      "Speed": {
        "x": 1.15,
        "y": 1.0,
        "z": 1.0
      },
      "Health": 40,
      "CorpusBlocks": [
        "Corpus_Hireling_Agent"
      ],
      "Attributes": [
        25,
        25,
        25,
        25
      ],
      "AnimationSet": "Animset_Hirelings_Agent",
      "VoiceSet": "AAHW",
      "TextChatter": "AAHW_Agent",
      "DefaultArmor": [
        "Gear_Hire_Agent"
      ],
      "Uniform": [
        {
          "ArmorPicks": [
            "Shades_Agent"
          ],
          "TintPrimary": {
            "r": 0.0,
            "g": 0.0,
            "b": 0.0,
            "a": 1.0
          },
          "TintSecondary": {
            "r": 0.0,
            "g": 0.0,
            "b": 0.0,
            "a": 1.0
          },
          "TintGlass": {
            "r": 0.4588235,
            "g": 0.5686275,
            "b": 0.8313725,
            "a": 1.0
          },
          "AltMaterial": 0,
          "AltMesh": 0
        },
        {
          "ArmorPicks": [
            "Outfit_Agent"
          ],
          "TintPrimary": {
            "r": 0.1607843,
            "g": 0.1607843,
            "b": 0.1607843,
            "a": 1.0
          },
          "TintSecondary": {
            "r": 0.2196078,
            "g": 0.2705882,
            "b": 0.4352941,
            "a": 1.0
          },
          "TintGlass": {
            "r": 0.0,
            "g": 0.0,
            "b": 0.0,
            "a": 1.0
          },
          "AltMaterial": 0,
          "AltMesh": 0
        }
      ],
      "SlamExplode": "None",
      "WeaponPref": "Pistol",
      "Behaviors": [
        "Hunter",
        "Evasive",
        "GrenadeLover",
        "FreeAttacker",
        "Deadly",
        "GrappleMasher",
        "Catlike",
        "CounterAttacks",
        "SpreadsJoy",
        "GetAwayFromMe",
        "NoMeleeFlocking",
        "Coward",
        "Accurate",
        "Tactical",
        "FarSight",
        "Indirect",
        "Bubble",
        "Sniper",
        "Sharky",
        "Turtle",
        "ItchyFinger",6,9,24,3,35,40,22,48,47,61,49,31,4,5,46,28,36,19,7,8,60
      ],
      "Traits": [
        3,2,1,12,32,56,24,41,42,11,27
      ],
      "SpecialSkills": [
        "O_Infiltrator",
        "O_Operative"
      ]
    },
    {
      "Filename": "Hireling_Creber",
      "Root": "Hireling",
      "Speed": {
        "x": 1.15,
        "y": 1.0,
        "z": 1.0
      },
      "Health": 40,
      "CorpusBlocks": [
        "Corpus_Hireling_Creber"
      ],
      "Attributes": [
        25,
        25,
        25,
        25
      ],
      "AltMaterials": [
        {
          "AssignedParts": [
            "Head"
          ],
          "Materials": [
            "Mat_Head_Creber"
          ]
        }
      ],
      "AnimationSet": "Animset_Hirelings_Creber",
      "VoiceSet": "Doc",
      "TextChatter": "Doc",
      "DefaultArmor": [
        "Gear_Hire_Creber",
        "Backpack_CreberPack",
        "Mouth_CreberMask"
      ],
      "SlamExplode": "None",
      "Behaviors": [
        "Hunter",
        "Evasive",
        "GrenadeLover",
        "FreeAttacker",
        "Deadly",
        "GrappleMasher",
        "Catlike",
        "CounterAttacks",
        "SpreadsJoy",
        "GetAwayFromMe",
        "NoMeleeFlocking",
        "Enraged",
        "Tactical",
        "ChargeUpLover",
        "Defensive",
        "ADD",
        "Indirect",
        "Runner",
        "Turtle",
        "TattleTale",6,9,24,3,35,40,22,48,47,61,49,31,4,5,46,28,36,19,7,8,60
      ],
      "Traits": [
        "Hero",
        "Unphased",
        "Deadly_Contact",
        "Uncounterable",3,2,1,12,32,56,24,41,42,11,27
      ],
      "SpecialSkills": [
        "O_Vanisher"
      ]
    },
    {
      "Filename": "Hireling_Disquieted",
      "Root": "Hireling",
      "Speed": {
        "x": 1.15,
        "y": 1.0,
        "z": 1.0
      },
      "Health": 40,
      "CorpusBlocks": [
        "Corpus_Hireling_Disquieted"
      ],
      "Attributes": [
        25,
        25,
        25,
        25
      ],
      "AnimationSet": "Animset_Hirelings_Disquieted",
      "VoiceSet": "Hank",
      "TextChatter": "S_Hank",
      "DefaultArmor": [
        "Gear_Hire_Disquieted",
        "Mask_Fired",
        "Hat_BanditNails",
        "Outfit_Straitjacket"
      ],
      "SlamExplode": "MagSlam",
      "WeaponPref": "Melee",
      "Behaviors": [
        "Hunter",
        "Evasive",
        "GrenadeLover",
        "FreeAttacker",
        "Deadly",
        "GrappleMasher",
        "Catlike",
        "CounterAttacks",
        "SpreadsJoy",
        "GetAwayFromMe",
        "NoMeleeFlocking",
        "Personal",
        "WhiteNinja",
        "ChargeUpLover",
        "ChargeUpASAP",
        "CounterAttacks",
        "ButtonMasher",
        "Enraged",6,9,24,3,35,40,22,48,47,61,49,31,4,5,46,28,36,19,7,8,60
      ],
      "Traits": [
        "Hero",
        "Unphased",
        "NoPain",
        "AutoDodgeThrown",
        "NoCombo",
        "Deadly_Contact",
        "NoDisarm",
        "DizzyRagdoll",
        "DualWieldOverride",
        "Uncounterable",3,2,1,12,32,56,24,41,42,11,27
      ],
      "SpecialSkills": [
        "O_FreeExecute",
        "O_Vanisher"
      ]
    },
    {
      "Filename": "Hireling_Experiment",
      "Root": "Hireling",
      "Speed": {
        "x": 1.15,
        "y": 1.0,
        "z": 1.0
      },
      "Health": 40,
      "CorpusBlocks": [
        "Corpus_Hireling_Experiment"
      ],
      "Attributes": [
        25,
        25,
        25,
        25
      ],
      "AltParts": [
        "HandR_Abom",
        "HandL_Abom"
      ],
      "AnimationSet": "Animset_Hirelings_Experiment",
      "VoiceSet": "Patient",
      "TextChatter": "Phobos",
      "DefaultArmor": [
        "Gear_Hire_Experiment"
      ],
      "Uniform": [
        {
          "ArmorPicks": [
            "Outfit_Dirty"
          ],
          "TintPrimary": {
            "r": 0.6980392,
            "g": 0.6980392,
            "b": 0.6980392,
            "a": 1.0
          },
          "TintSecondary": {
            "r": 0.6980392,
            "g": 0.6980392,
            "b": 0.6980392,
            "a": 1.0
          },
          "TintGlass": {
            "r": 0.0,
            "g": 0.0,
            "b": 0.0,
            "a": 1.0
          },
          "AltMaterial": 0,
          "AltMesh": 0
        },
        {
          "ArmorPicks": [
            "Mouth_Breather2 (gasmask 6)"
          ],
          "TintPrimary": {
            "r": 0.8117647,
            "g": 0.8117647,
            "b": 0.8117647,
            "a": 1.0
          },
          "TintSecondary": {
            "r": 0.8745098,
            "g": 0.6509804,
            "b": 0.9254902,
            "a": 1.0
          },
          "TintGlass": {
            "r": 0.0,
            "g": 0.0,
            "b": 0.0,
            "a": 1.0
          },
          "AltMaterial": 0,
          "AltMesh": 0
        }
      ],
      "Fist": "U_Claws",
      "SlamExplode": "None",
      "WeaponPref": "Unarmed",
      "Behaviors": [
        "Hunter",
        "Evasive",
        "GrenadeLover",
        "FreeAttacker",
        "Deadly",
        "GrappleMasher",
        "Catlike",
        "CounterAttacks",
        "SpreadsJoy",
        "GetAwayFromMe",
        "NoMeleeFlocking",
        "Personal",
        "Focused",
        "Indirect",
        "Bubble",
        "HotFoot",
        "Runner",
        "Sharky",
        "WhiteNinja",
        "Catlike",
        "LeapGrappler",
        "ButtonMasher",
        "Enraged",6,9,24,3,35,40,22,48,47,61,49,31,4,5,46,28,36,19,7,8,60
      ],
      "Traits": [
        "Hero",
        "Unphased",
        "NoPain",
        "MegaKnockback",
        "Uncounterable",
        "DashAttacker",3,2,1,12,32,56,24,41,42,11,27
      ],
      "SpecialSkills": [
        "O_Scary"
      ]
    },
    {
      "Filename": "Hireling_GO3LM",
      "Root": "Hireling",
      "TacBar": 0.0,
      "Scale": 1.5,
      "Speed": {
        "x": -2.0,
        "y": 0.25,
        "z": 0.25
      },
      "Toughness": 3,
      "Health": 50,
      "CorpusBlocks": [
        "Corpus_Hireling_GO3LM"
      ],
      "Attributes": [
        20,
        20,
        25,
        10
      ],
      "AltParts": [
        "Body_Golem",
        "Head_Golem1",
        "FootL_Shiny",
        "FootR_Shiny"
      ],
      "AnimationSet": "Animset_Hirelings_GO3LM",
      "VoiceSet": "Golem",
      "TextChatter": "Brute G03LM",
      "Blood": {
        "r": 1.0,
        "g": 0.227451,
        "b": 0.0,
        "a": 1.0
      },
      "FallPuff": "Effect_HitGround",
      "DefaultArmor": [
        "Gear_Hire_GO3LM"
      ],
      "Fist": "U_FistBig",
      "SlamExplode": "MagBodySlam",
      "Behaviors": [
        "Hunter",
        "GrenadeLover",
        "FreeAttacker",
        "Deadly",
        "GrappleMasher",
        "Catlike",
        "CounterAttacks",
        "SpreadsJoy",
        "GetAwayFromMe",
        "NoMeleeFlocking",
        "NoSprint",
        "Personal",
        "Enraged",
        "ADD",
        "RearSmash",6,9,24,3,35,40,22,48,47,61,49,31,4,46,28,36,19,7,8,60
      ],
      "Traits": [
        "Hero",
        "Unphased",
        "NoPain",
        "NoPain",
        "NoDisarm",
        "TurretSpin",
        "NoDizzy",
        "H2HAngry",
        "NoH2HSnap",
        "NoCombo",
        "StableRanged",
        "TwoHandOverride",3,2,1,12,32,56,24,41,42,11,27,35
      ],
      "Vocations": [
        "Mag"
      ],
      "SpecialSkills": [
        "O_Sturdy",
        "O_Scary"
      ],
      "DeactivateTime": 120
    },
    {
      "Filename": "Hireling_MAG",
      "Root": "Hireling",
      "TacBar": 0.0,
      "Scale": 3.0,
      "Speed": {
        "x": -4.0,
        "y": 0.1,
        "z": 0.75
      },
      "Toughness": 5,
      "Health": 40,
      "CorpusBlocks": [
        "Corpus_Hireling_MAG"
      ],
      "Attributes": [
        30,
        30,
        25,
        15
      ],
      "AltParts": [
        "Body_AAHWMag",
        "FootL_Mag",
        "FootR_Mag",
        "HandL_Mag",
        "HandR_Mag",
        "Head_MagAAHW"
      ],
      "AnimationSet": "Animset_Hirelings_MAG",
      "VoiceSet": "Mag",
      "TextChatter": "AAHW_Agent",
      "FallPuff": "Effect_HitGround",
      "DefaultArmor": [
        "Gear_Hire_MAG",
        "Backpack_AAHW Mag Gear"
      ],
      "Fist": "U_FistBig",
      "SlamExplode": "MagSlam",
      "WeaponPref": "Unarmed",
      "Behaviors": [
        "Hunter",
        "GrenadeLover",
        "FreeAttacker",
        "Deadly",
        "GrappleMasher",
        "Catlike",
        "CounterAttacks",
        "SpreadsJoy",
        "GetAwayFromMe",
        "NoMeleeFlocking",
        "WhiteNinja",
        "NoSprint",
        "Sniper",
        "Accurate",
        "ChargeAttack_Grapple",
        "RearSmash",
        "Accurate"
      ],
      "Traits": [
        "Hero",
        "Unphased",
        "NoPain",
        "NoCombo",
        "NoDisarm",
        "TurretSpin",
        "NoDizzy",
        "Lumbering",
        "MegaKnockback",
        "NoCombatRagdoll",
        "NoExecute_Local",
        "StableRanged",
        "TwoHandOverride",
        "HeftyOverride",18
      ],
      "Vocations": [
        "Mag"
      ],
      "SpecialSkills": [
        "O_Sturdy",
        "O_Scary"
      ],
      "DeactivateTime": 180
    },
    {
      "Filename": "Hireling_Magiturge",
      "Root": "Hireling",
      "Speed": {
        "x": 1.15,
        "y": 1.0,
        "z": 1.0
      },
      "Health": 35,
      "CorpusBlocks": [
        "Corpus_Hireling_Magiturge"
      ],
      "Attributes": [
        25,
        25,
        25,
        25
      ],
      "AnimationSet": "Animset_Hirelings_Magiturge",
      "ExecutionsOffensive": [
        "O_Telekinetic"
      ],
      "VoiceSet": "Wizard",
      "TextChatter": "Mystery",
      "DefaultArmor": [
        "Gear_Hire_Magiturge",
        "Hat_WizardCap_Starter"
      ],
      "SlamExplode": "ElecSplode",
      "Behaviors": [
        6,9,24,3,35,40,22,48,47,61,49,31,4,5,46,28,36,19,7,8,60,
        "TargetShy",
        "Teleport_DodgeFlank",
        "Teleport_Panic",
        "Teleport_DodgePursue",
        "CounterAttacks"
      ],
      "Traits": [
        3,2,1,12,32,56,24,41,42,11,27
      ],
      "SpecialSkills": [
        "o_Arcane"
      ],
      "DeathEffect": "Confetti_Magic_BlueShort Variant"
    },
    {
      "Filename": "Hireling_Massive",
      "Root": "Hireling",
      "Scale": 1.1,
      "Speed": {
        "x": 0.75,
        "y": 0.3,
        "z": 0.3
      },
      "Health": 30,
      "CorpusBlocks": [
        "Corpus_Hireling_Massive"
      ],
      "Attributes": [
        25,
        25,
        25,
        25
      ],
      "AltParts": [
        "FootL_Mag",
        "FootR_Mag",
        "HandL_Mag",
        "HandR_Mag",
        "Head_MagAAHW"
      ],
      "AnimationSet": "Animset_Hirelings_Massive",
      "ExecutionsDefensive": [
        "O_vsMassive"
      ],
      "VoiceSet": "Soldier",
      "TextChatter": "Brute G03LM",
      "FallPuff": "Effect_HitGround",
      "DefaultArmor": [
        "Gear_Hire_Massive"
      ],
      "Fist": "U_FistBig",
      "Kick": "U_FistBig",
      "Headbutt": "U_FistBig",
      "SlamExplode": "MagBodySlam",
      "WeaponPref": "Unarmed",
      "Behaviors": [
        6,9,24,3,35,40,22,48,47,61,49,31,4,5,46,28,36,19,7,8,60
      ],
      "Traits": [
        3,2,1,12,32,56,24,41,42,11,27
      ],
      "Vocations": [
        "Mag"
      ],
      "SpecialSkills": [
        "O_Sturdy",
        "O_Hungry"
      ],
      "DeactivateTime": 120
    },
    {
      "Filename": "Hireling_Mercenary",
      "Root": "Hireling",
      "Health": 45,
      "CorpusBlocks": [
        "Corpus_Hireling_Mercenary"
      ],
      "Attributes": [
        25,
        25,
        25,
        25
      ],
      "AnimationSet": "Animset_Hirelings_Mercenary",
      "ExecutionsOffensive": [
        "O_Bribe"
      ],
      "VoiceSet": "Sheriff",
      "TextChatter": "S_Sheriff",
      "DefaultArmor": [
        "Gear_Hire_Mercenary",
        "Hat_HeadsetMic"
      ],
      "Uniform": [
        {
          "ArmorPicks": [
            "Outfit_MercCAMO"
          ],
          "TintPrimary": {
            "r": 0.5019608,
            "g": 0.5019608,
            "b": 0.5019608,
            "a": 1.0
          },
          "TintSecondary": {
            "r": 0.5019608,
            "g": 0.5019608,
            "b": 0.5019608,
            "a": 1.0
          },
          "TintGlass": {
            "r": 0.0,
            "g": 0.0,
            "b": 0.0,
            "a": 1.0
          },
          "AltMaterial": 0,
          "AltMesh": 0
        }
      ],
      "SlamExplode": "MagSlam",
      "WeaponPref": "Melee",
      "Behaviors": [
        "Hunter",
        "Evasive",
        "GrenadeLover",
        "FreeAttacker",
        "Deadly",
        "GrappleMasher",
        "Catlike",
        "CounterAttacks",
        "SpreadsJoy",
        "GetAwayFromMe",
        "NoMeleeFlocking",
        "Tactical",
        "Turtle",
        "Defensive",
        "FarSight",
        "Bubble",
        "Sharky",
        "CounterAttacks",
        "ButtonMasher",6,9,24,3,35,40,22,48,47,61,49,31,4,5,46,28,36,19,7,8,60
      ],
      "Traits": [
        "Hero",
        "Unphased",
        "NoDisarm",
        "Heavy",3,2,1,12,32,56,24,41,42,11,27
      ],
      "SpecialSkills": [
        "O_BribeEnemy"
      ]
    },
    {
      "Filename": "Hireling_N51",
      "Root": "Hireling",
      "Speed": {
        "x": 1.15,
        "y": 1.0,
        "z": 1.0
      },
      "Toughness": 0,
      "Health": 40,
      "CorpusBlocks": [
        "Corpus_Hireling_N51"
      ],
      "Attributes": [
        25,
        25,
        25,
        25
      ],
      "AltMaterials": [
        {
          "AssignedParts": [
            "Head"
          ],
          "Materials": [
            "Mat_Head_Nexus2",
            "Mat_Head_Nexus2b"
          ]
        }
      ],
      "AnimationSet": "Animset_Hirelings_N51",
      "VoiceSet": "N51_B",
      "TextChatter": "N51",
      "DefaultArmor": [
        "Gear_Hire_N51"
      ],
      "Uniform": [
        {
          "ArmorPicks": [
            "Outfit_N51BattleDress"
          ],
          "TintPrimary": {
            "r": 0.345098,
            "g": 0.345098,
            "b": 0.345098,
            "a": 1.0
          },
          "TintSecondary": {
            "r": 0.345098,
            "g": 0.345098,
            "b": 0.345098,
            "a": 1.0
          },
          "TintGlass": {
            "r": 0.0,
            "g": 0.0,
            "b": 0.0,
            "a": 1.0
          },
          "AltMaterial": 0,
          "AltMesh": 0
        },
        {
          "ArmorPicks": [
            "Shoulder_Radio_NO BUY SOLDAT ONLY"
          ],
          "TintPrimary": {
            "r": 0.0,
            "g": 0.0,
            "b": 0.0,
            "a": 1.0
          },
          "TintSecondary": {
            "r": 0.0,
            "g": 0.0,
            "b": 0.0,
            "a": 1.0
          },
          "TintGlass": {
            "r": 0.5372549,
            "g": 0.6313725,
            "b": 0.0,
            "a": 1.0
          },
          "AltMaterial": 0,
          "AltMesh": 0
        },
        {
          "ArmorPicks": [
            "Shades_N51"
          ],
          "TintPrimary": {
            "r": 0.345098,
            "g": 0.345098,
            "b": 0.345098,
            "a": 1.0
          },
          "TintSecondary": {
            "r": 0.345098,
            "g": 0.345098,
            "b": 0.345098,
            "a": 1.0
          },
          "TintGlass": {
            "r": 0.8470588,
            "g": 1.0,
            "b": 0.0,
            "a": 1.0
          },
          "AltMaterial": 0,
          "AltMesh": 0
        },
        {
          "ArmorPicks": [
            "Gloves_FullGloves"
          ],
          "TintPrimary": {
            "r": 0.3607843,
            "g": 0.4,
            "b": 0.2431373,
            "a": 1.0
          },
          "TintSecondary": {
            "r": 0.345098,
            "g": 0.345098,
            "b": 0.345098,
            "a": 1.0
          },
          "TintGlass": {
            "r": 0.0,
            "g": 0.0,
            "b": 0.0,
            "a": 1.0
          },
          "AltMaterial": 0,
          "AltMesh": 0
        }
      ],
      "SlamExplode": "None",
      "Behaviors": [
        "Hunter",
        "Evasive",
        "GrenadeLover",
        "FreeAttacker",
        "Deadly",
        "GrappleMasher",
        "Catlike",
        "CounterAttacks",
        "SpreadsJoy",
        "GetAwayFromMe",
        "NoMeleeFlocking",
        "Runner",
        "Accurate",
        "Tactical",
        "Mindless",
        "Bubble",
        "HotFoot",
        "TargetShy",
        "FreeAttacker",
        "HoldCover",
        "TattleTale",6,9,24,3,35,40,22,48,47,61,49,31,4,5,46,28,36,19,7,8,60
      ],
      "Traits": [
        "Hero",
        "Unphased",
        "AutoDodgeThrown",
        "Uncounterable",
        "NoFallDamage",3,2,1,12,32,56,24,41,42,11,27
      ],
      "SpecialSkills": [
        "O_Operative"
      ]
    },
    {
      "Filename": "Hireling_Offering",
      "Root": "Hireling",
      "Speed": {
        "x": 1.15,
        "y": 1.0,
        "z": 1.0
      },
      "Health": 45,
      "CorpusBlocks": [
        "Corpus_Hireling_Offering"
      ],
      "Attributes": [
        25,
        25,
        25,
        25
      ],
      "AltParts": [
        "Body_Pumpkin",
        "HandL_Pumpkin",
        "HandR_Pumpkin",
        "Head_Pumpkin"
      ],
      "AnimationSet": "Animset_Hirelings_Offering",
      "ExecutionsOffensive": [
        "O_SoulSuck"
      ],
      "VoiceSet": "Husk",
      "TextChatter": "Demoniac",
      "DefaultArmor": [
        "Gear_Hire_Offering"
      ],
      "SlamExplode": "MagSlam",
      "Behaviors": [
        "Hunter",
        "Evasive",
        "GrenadeLover",
        "FreeAttacker",
        "Deadly",
        "GrappleMasher",
        "Catlike",
        "CounterAttacks",
        "SpreadsJoy",
        "GetAwayFromMe",
        "NoMeleeFlocking",
        "ThrowsOften",
        "Evasive",
        "Enraged",
        "WhiteNinja",
        "ADD",
        "Sharky",
        "CounterAttacks",6,9,24,3,35,40,22,48,47,61,49,31,4,5,46,28,36,19,7,8,60
      ],
      "Traits": [
        "Hero",
        "Unphased",
        "BurnDeath",
        "AutoDodgeThrown",
        "Zed",
        "Deadly_Contact",
        "StartWounds",
        "Uncounterable",3,2,1,12,32,56,24,41,42,11,27
      ],
      "SpecialSkills": [
        "O_Corruption",
        "O_Scary",
        "O_ThrowMaster"
      ],
      "LifeEffect": "Effect_FliesShorter",
      "DeathEffect": "Effect_Despawn_Vamp FastVariant",
      "TeleportEffect": [
        "Effect_Dust_Teleport",
        "Effect_Forceblast_Small"
      ]
    },
    {
      "Filename": "Hireling_Patient",
      "Root": "Hireling",
      "Speed": {
        "x": 1.15,
        "y": 1.0,
        "z": 1.0
      },
      "Health": 45,
      "CorpusBlocks": [
        "Corpus_Hireling_Patient"
      ],
      "Attributes": [
        25,
        25,
        25,
        25
      ],
      "AnimationSet": "Animset_Hirelings_Patient",
      "VoiceSet": "Patient",
      "TextChatter": "Patient",
      "DefaultArmor": [
        "Gear_Hire_Patient",
        "Outfit_Straitjacket"
      ],
      "SlamExplode": "MagSlam",
      "WeaponPref": "Unarmed",
      "Behaviors": [
        "Hunter",
        "Evasive",
        "GrenadeLover",
        "FreeAttacker",
        "Deadly",
        "GrappleMasher",
        "Catlike",
        "CounterAttacks",
        "SpreadsJoy",
        "GetAwayFromMe",
        "NoMeleeFlocking",
        "Enraged",
        "WhiteNinja",
        "Personal",
        "ChargeUpLover",
        "ChargeUpASAP",
        "Focused",
        "Runner",
        "HotFoot",
        "ButtonMasher"
      ],
      "Traits": [
        "Hero",
        "Unphased",
        "NoPain",
        "NoCombo",
        "BowlingPin",
        "DizzyRagdoll",
        "StartWounds",
        "Heavy",
        "Uncounterable",
        "GrappleAttack",
        "MegaKnockback"
      ],
      "SpecialSkills": [
        "O_ImaginaryFriend"
      ]
    },
    {
      "Filename": "Hireling_Tinkerer",
      "Root": "Hireling",
      "Speed": {
        "x": 1.15,
        "y": 1.0,
        "z": 1.0
      },
      "Health": 40,
      "CorpusBlocks": [
        "Corpus_Hireling_Tinkerer"
      ],
      "Attributes": [
        25,
        25,
        25,
        25
      ],
      "AnimationSet": "Animset_Hirelings_Tinkerer",
      "VoiceSet": "Bandit",
      "TextChatter": "Cyber",
      "DefaultArmor": [
        "Gear_Hire_Tinkerer"
      ],
      "Uniform": [
        {
          "ArmorPicks": [
            "Goggles_W01V"
          ],
          "TintPrimary": {
            "r": 0.5019608,
            "g": 0.5019608,
            "b": 0.5019608,
            "a": 1.0
          },
          "TintSecondary": {
            "r": 0.5019608,
            "g": 0.5019608,
            "b": 0.5019608,
            "a": 1.0
          },
          "TintGlass": {
            "r": 1.0,
            "g": 0.6078431,
            "b": 0.0,
            "a": 1.0
          },
          "AltMaterial": 0,
          "AltMesh": 0
        },
        {
          "ArmorPicks": [
            "Hat_QM"
          ],
          "TintPrimary": {
            "r": 0.6431373,
            "g": 0.4039216,
            "b": 0.1843137,
            "a": 1.0
          },
          "TintSecondary": {
            "r": 0.5019608,
            "g": 0.5019608,
            "b": 0.5019608,
            "a": 1.0
          },
          "TintGlass": {
            "r": 0.0,
            "g": 0.0,
            "b": 0.0,
            "a": 1.0
          },
          "AltMaterial": 0,
          "AltMesh": 0
        },
        {
          "ArmorPicks": [
            "Outfit_Jumpsuit"
          ],
          "TintPrimary": {
            "r": 0.6431373,
            "g": 0.4039216,
            "b": 0.1843137,
            "a": 1.0
          },
          "TintSecondary": {
            "r": 0.5019608,
            "g": 0.5019608,
            "b": 0.5019608,
            "a": 1.0
          },
          "TintGlass": {
            "r": 0.0,
            "g": 0.0,
            "b": 0.0,
            "a": 1.0
          },
          "AltMaterial": 0,
          "AltMesh": 0
        }
      ],
      "SlamExplode": "None",
      "WeaponPref": "Rifle",
      "Behaviors": [
        "Hunter",
        "Evasive",
        "GrenadeLover",
        "FreeAttacker",
        "Deadly",
        "GrappleMasher",
        "Catlike",
        "CounterAttacks",
        "SpreadsJoy",
        "GetAwayFromMe",
        "NoMeleeFlocking",
        "Coward",
        "Turtle",
        "Runner",
        "Tactical",
        "Defensive",
        "HoldCover",
        "Sniper",
        "TargetShy",
        "FarSight"
      ],
      "Traits": [
        "Hero",
        "Unphased",
        "BulletsAutoHit",
        "BowlingPin",
        "DizzyRagdoll",
        "WeakHands",
        "StableRanged"
      ],
      "SpecialSkills": [
        "O_Tinkerer"
      ]
    },
    {
      "Filename": "Hireling_Vamp",
      "Root": "Hireling",
      "Speed": {
        "x": 1.15,
        "y": 0.7,
        "z": 0.7
      },
      "Health": 40,
      "CorpusBlocks": [
        "Corpus_Hireling_Vamp"
      ],
      "Attributes": [
        25,
        25,
        25,
        25
      ],
      "AltParts": [
        "HandL_Vampire",
        "HandR_Vampire",
        "Head_Vampire"
      ],
      "AnimationSet": "Animset_Hirelings_Vamp",
      "VoiceSet": "Patient",
      "TextChatter": "A_Vamp",
      "DefaultArmor": [
        "Gear_Hire_Vamp",
        "Gloves_Sappers"
      ],
      "Uniform": [
        {
          "ArmorPicks": [
            "Hat_Hair vamp"
          ],
          "TintPrimary": {
            "r": 0.0,
            "g": 0.0,
            "b": 0.0,
            "a": 1.0
          },
          "TintSecondary": {
            "r": 1.0,
            "g": 1.0,
            "b": 0.0,
            "a": 1.0
          },
          "TintGlass": {
            "r": 0.0,
            "g": 0.0,
            "b": 0.0,
            "a": 1.0
          },
          "AltMaterial": 0,
          "AltMesh": 0
        },
        {
          "ArmorPicks": [
            "Goggles_VampPunk2_for the big guy"
          ],
          "TintPrimary": {
            "r": 0.0,
            "g": 0.0,
            "b": 0.0,
            "a": 1.0
          },
          "TintSecondary": {
            "r": 0.0,
            "g": 0.0,
            "b": 0.0,
            "a": 1.0
          },
          "TintGlass": {
            "r": 1.0,
            "g": 0.8156863,
            "b": 0.0,
            "a": 1.0
          },
          "AltMaterial": 1,
          "AltMesh": 0
        },
        {
          "ArmorPicks": [
            "Outfit_VampPunk1"
          ],
          "TintPrimary": {
            "r": 1.0,
            "g": 0.8156863,
            "b": 0.0,
            "a": 1.0
          },
          "TintSecondary": {
            "r": 0.227451,
            "g": 0.2980392,
            "b": 0.745098,
            "a": 1.0
          },
          "TintGlass": {
            "r": 0.0,
            "g": 0.0,
            "b": 0.0,
            "a": 1.0
          },
          "AltMaterial": 0,
          "AltMesh": 0
        }
      ],
      "SlamExplode": "None",
      "WeaponPref": "Unarmed",
      "Behaviors": [
        "Hunter",
        "Evasive",
        "GrenadeLover",
        "FreeAttacker",
        "Deadly",
        "GrappleMasher",
        "Catlike",
        "CounterAttacks",
        "SpreadsJoy",
        "GetAwayFromMe",
        "NoMeleeFlocking",
        "Tactical",
        "Evasive",
        "LeapGrappler",
        "ButtonMasher",
        "Enraged",6,9,24,3,35,40,22,48,47,61,49,31,4,5,46,28,36,19,7,8,60
      ],
      "Traits": [
        "Hero",
        "Unphased",
        "BurnDeath",
        "VanishDeactivate",
        "EffectOnDeactivate",
        "AutoDodgeThrown",
        "Deadly_Contact",
        "Uncounterable",3,2,1,12,32,56,24,41,42,11,27
      ],
      "SpecialSkills": [
        "O_Scary"
      ],
      "DeathEffect": "Effect_Despawn_Vamp"
    },
    {
      "Filename": "Hireling_Zed",
      "Root": "Hireling",
      "Speed": {
        "x": 0.35,
        "y": 0.25,
        "z": 0.1
      },
      "Health": 60,
      "WeaponPreference": 6,
      "CorpusBlocks": [
        "Corpus_Hireling_Zed"
      ],
      "Attributes": [
        25,
        25,
        25,
        25
      ],
      "AltParts": [
        "Head_Zed",
        "Head_Zed"
      ],
      "AltMaterials": [
        {
          "AssignedParts": [
            "Body"
          ],
          "Materials": [
            "Mat_Body_Zed",
            "Mat_Body_Zed 2",
            "Mat_Body_Zed 3",
            "Mat_Body_Zed 4"
          ]
        },
        {
          "AssignedParts": [
            "Hand_R",
            "Hand_L"
          ],
          "Materials": [
            "Mat_Hand_Zed"
          ]
        },
        {
          "AssignedParts": [
            "Foot_R",
            "Foot_L"
          ],
          "Materials": [
            "Mat_Foot_Zed"
          ]
        }
      ],
      "TintsPrimary": [
        {
          "r": 0.5647059,
          "g": 0.5215686,
          "b": 0.4352941,
          "a": 1.0
        },
        {
          "r": 0.5098039,
          "g": 0.4078431,
          "b": 0.3803922,
          "a": 1.0
        },
        {
          "r": 0.3490196,
          "g": 0.3490196,
          "b": 0.3490196,
          "a": 1.0
        },
        {
          "r": 0.6784314,
          "g": 0.6784314,
          "b": 0.6784314,
          "a": 1.0
        },
        {
          "r": 0.5019608,
          "g": 0.5019608,
          "b": 0.5019608,
          "a": 1.0
        }
      ],
      "AnimationSet": "Animset_Hirelings_Zed",
      "ExecutionsOffensive": [
        "C_Zed",
        "C_Zed_vBrute"
      ],
      "VoiceSet": "Zed",
      "TextChatter": "Zed",
      "Blood": {
        "r": 0.4470588,
        "g": 0.0470588,
        "b": 0.0,
        "a": 1.0
      },
      "DefaultArmor": [
        "Gear_Hire_Zed"
      ],
      "SlamExplode": "MagSlam",
      "Behaviors": [
        6,9,24,3,35,40,22,48,47,61,49,31,"NoMeleeFlocking", "SpreadsJoy",4,5,46,28,36,19,7,8,60
      ],
      "Traits": [
        3,2,1,12,32,56,24,41,42,11,27,0,19
      ],
      "Vocations": [
        "Zed"
      ],
      "SpecialSkills": [
        "O_Scary",
        "O_Sturdy"
      ],
      "LifeEffect": "Effect_FliesShorter"
    },
    {
      "Filename": "Arena_Troop_D_A",
      "Root": "Arena_Troop_C",
      "Name": "Stuntman Trooper D",
      "Enabled": false,
      "Level": 20,
      "TacBar": 2.25,
      "Scale": 1.0,
      "Speed": {
        "x": 1.3,
        "y": 1.0,
        "z": 1.0
      },
      "Toughness": 4,
      "Health": 45,
      "CorpusBlocks": [
        "Hero",
        "Hero"
      ],
      "Attributes": [
        28,
        28,
        36,
        24
      ],
      "ArmorHead": 0.0,
      "ArmorBody": 0.0,
      "AnimationSet": "N51_Delta",
      "VoiceSet": "Pilot",
      "Uniform": [
        {
          "ArmorPicks": [
            "Hat_Bandit 4_Graveseeker"
          ],
          "TintPrimary": {
            "r": 0.0,
            "g": 0.1960784,
            "b": 0.0,
            "a": 1.0
          },
          "TintSecondary": {
            "r": 0.0,
            "g": 0.2941176,
            "b": 0.0,
            "a": 1.0
          },
          "TintGlass": {
            "r": 0.0,
            "g": 0.0,
            "b": 0.0,
            "a": 0.0
          },
          "AltMaterial": 0,
          "AltMesh": 0
        },
        {
          "ArmorPicks": [
            "Outfit_StatusQuoTroop"
          ],
          "TintPrimary": {
            "r": 0.3647059,
            "g": 0.6117647,
            "b": 0.3647059,
            "a": 1.0
          },
          "TintSecondary": {
            "r": 0.0,
            "g": 0.5882353,
            "b": 0.0,
            "a": 1.0
          },
          "TintGlass": {
            "r": 0.0,
            "g": 0.0,
            "b": 0.0,
            "a": 0.0
          },
          "AltMaterial": 0,
          "AltMesh": 0
        },
        {
          "ArmorPicks": [
            "Armor_Nexus_1",
            "Armor_N51RiotVest"
          ],
          "TintPrimary": {
            "r": 0.3647059,
            "g": 0.6117647,
            "b": 0.3647059,
            "a": 1.0
          },
          "TintSecondary": {
            "r": 0.0,
            "g": 0.5882353,
            "b": 0.0,
            "a": 1.0
          },
          "TintGlass": {
            "r": 0.0,
            "g": 0.0,
            "b": 0.0,
            "a": 0.0
          },
          "AltMaterial": 0,
          "AltMesh": 0
        },
        {
          "ArmorPicks": [
            "Gloves_RaverGloves",
            "Gloves_Fingerless"
          ],
          "TintPrimary": {
            "r": 0.0,
            "g": 0.0,
            "b": 0.0,
            "a": 1.0
          },
          "TintSecondary": {
            "r": 0.0,
            "g": 0.0,
            "b": 0.0,
            "a": 1.0
          },
          "TintGlass": {
            "r": 0.0,
            "g": 0.5019608,
            "b": 0.0,
            "a": 0.0
          },
          "AltMaterial": 0,
          "AltMesh": 0
        },
        {
          "ArmorPicks": [
            "Belt_Merc_1",
            "Belt_Merc_2",
            "Belt_toolbelt"
          ],
          "TintPrimary": {
            "r": 0.0,
            "g": 0.0,
            "b": 0.0,
            "a": 0.0
          },
          "TintSecondary": {
            "r": 0.0,
            "g": 0.0,
            "b": 0.0,
            "a": 0.0
          },
          "TintGlass": {
            "r": 0.0,
            "g": 0.0,
            "b": 0.0,
            "a": 0.0
          },
          "AltMaterial": 0,
          "AltMesh": 0
        },
        {
          "ArmorPicks": [
            "Full_N51Balaclava"
          ],
          "TintPrimary": {
            "r": 0.0,
            "g": 0.0,
            "b": 0.0,
            "a": 1.0
          },
          "TintSecondary": {
            "r": 0.0,
            "g": 0.0,
            "b": 0.0,
            "a": 1.0
          },
          "TintGlass": {
            "r": 0.0,
            "g": 0.0,
            "b": 0.0,
            "a": 1.0
          },
          "AltMaterial": 0,
          "AltMesh": 0
        },
        {
          "ArmorPicks": [
            "Boots_Heavy"
          ],
          "TintPrimary": {
            "r": 0.0,
            "g": 0.0,
            "b": 0.0,
            "a": 1.0
          },
          "TintSecondary": {
            "r": 0.0,
            "g": 0.0,
            "b": 0.0,
            "a": 1.0
          },
          "TintGlass": {
            "r": 0.0,
            "g": 0.0,
            "b": 0.0,
            "a": 1.0
          },
          "AltMaterial": 0,
          "AltMesh": 0
        },
        {
          "ArmorPicks": [
            "Goggles_VampPunk1",
            "Goggles_VampPunk2_for the big guy"
          ],
          "TintPrimary": {
            "r": 0.3647059,
            "g": 0.6117647,
            "b": 0.3647059,
            "a": 1.0
          },
          "TintSecondary": {
            "r": 0.0,
            "g": 0.5882353,
            "b": 0.0,
            "a": 1.0
          },
          "TintGlass": {
            "r": 0.0,
            "g": 0.5019608,
            "b": 0.0,
            "a": 1.0
          },
          "AltMaterial": 0,
          "AltMesh": 0
        },
        {
          "ArmorPicks": [
            "Mouth_Respirator"
          ],
          "TintPrimary": {
            "r": 0.3647059,
            "g": 0.6117647,
            "b": 0.3647059,
            "a": 1.0
          },
          "TintSecondary": {
            "r": 0.0,
            "g": 0.5882353,
            "b": 0.0,
            "a": 1.0
          },
          "TintGlass": {
            "r": 0.0,
            "g": 0.0,
            "b": 0.0,
            "a": 1.0
          },
          "AltMaterial": 0,
          "AltMesh": 0
        }
      ],
      "CountWornArmor": true,
      "WeaponPref": "Thrown",
      "WeaponGenres": [
        "CuttingEdge"
      ],
      "DefaultSidearm": "T_Grenade",
      "Behaviors": [
        "ItchyFinger",
        "WhiteNinja",
        "FavorDual",
        "Runner",
        "Accurate",
        "Tactical",
        "Bubble",
        "HotFoot",
        "FreeAttacker",
        "TargetShy",
        "ButtonMasher",
        "CounterAttacks",
        "GrenadeLover",
        "ADD",
        "Indirect",
        "Sharky",
        "Deadly",
        "GetAwayFromMe",
        "Catlike",
        "FavorDual",
        "ThrowsOften",
        "TattleTale",
        "ButtonMasher"
      ],
      "Traits": [
        "StableRanged",
        "AutoDodgeThrown",
        "Unphased",
        "MegaKnockback",
        "Heavy",
        "DualWieldOverride"
      ],
      "Skills": [
        "LightSwing",
        "LightPunch",
        "Acrobatic3",
        "SnapDodge"
      ]
    }
  ],
  "AnimationProfile": [
    {
      "Filename": "Animset_Hirelings",
      "Root": "Default",
      "OverrideGrapple": "G2_Execute",
      "OverrideDashSpecial": "Combat_DashSpecial_TowerGuard 3",
      "SpecialAngry": "Special_Angry_Golem",
      "Congratulate": "E_Congratulate_C&J"
    },
    {
      "Filename": "Animset_Hirelings_Agent",
      "Root": "Default",
      "EmoteCombat": "E_Waiting_Tactical",
      "OverrideGrapple": "G2_Execute",
      "OverrideDashSpecial": "Combat_DashSpecial_TowerGuard",
      "OverrideShove": "SpecialAttack_2_Deimos",
      "SpecialAngry": "Special_Angry_Golem",
      "Congratulate": "E_Congratulate_C&J"
    },
    {
      "Filename": "Animset_Hirelings_Creber",
      "Root": "Default",
      "Idle": "Idle_Jebs",
      "OverrideGrapple": "G2_Execute",
      "OverrideDashSpecial": "Combat_DashSpecial_TowerGuard 3",
      "SpecialAngry": "Special_Angry_Golem",
      "Congratulate": "E_Congratulate_C&J",
      "DeathBody": "Death_Clone",
      "DeathHead": "Death_Clone"
    },
    {
      "Filename": "Animset_Hirelings_Disquieted",
      "Root": "Default",
      "Idle": "Idle_Disquieted",
      "OverrideGrapple": "G2_Execute",
      "OverrideDashSpecial": "Combat_DashSpecial_TowerGuard 3",
      "SpecialAngry": "Special_Angry_TowerGuard 3",
      "Congratulate": "E_Congratulate_C&J"
    },
    {
      "Filename": "Animset_Hirelings_Experiment",
      "Root": "Default",
      "Idle": "Idle_Tense",
      "Walk": "Move_Abom_Walk",
      "Run": "Move_Abom_Run",
      "Dash": "Move_Abom_Sprint",
      "LandFall": "Fall_Land_Abom",
      "EmoteIdle": "E_Abom",
      "EmoteHunt": "E_Abom",
      "EmoteWakeUp": "E_Abom",
      "EmoteCombat": "E_Abom",
      "EmoteMad": "E_Abom",
      "OverrideGrapple": "G2_Abom",
      "OverrideUnarmed": "Combat_U_Abom",
      "OverrideDashAttack": "Combat_Dash_Tied_2",
      "OverrideDashSpecial": "Combat_DashSpecial_Golem",
      "UnarmedTiedUp": "Combat_U_TiedUp_Abom",
      "SpecialAngry": "Special_Angry_Golem",
      "Congratulate": "E_Congratulate_C&J"
    },
    {
      "Filename": "Animset_Hirelings_GO3LM",
      "Root": "TowerGuard 3",
      "RearSmash": "Smash_Rear_Execute",
      "Congratulate": "E_Congratulate_C&J"
    },
    {
      "Filename": "Animset_Hirelings_MAG",
      "Root": "Mag_AAHW",
      "OverrideMelee": "Combat_M_TowerGuard",
      "OverrideMelee2h": "Combat_M_TowerGuard",
      "OverrideChargeUp": "Combat_Charge_Hire_MAG",
      "Congratulate": "E_Congratulate_C&J"
    },
    {
      "Filename": "Animset_Hirelings_Magiturge",
      "Root": "Default",
      "Idle": "Idle_Jebs",
      "OverrideGrapple": "G2_Execute",
      "OverrideDashSpecial": "Combat_DashSpecial_TowerGuard",
      "OverrideDodge": "Dodge_Teleport Instant",
      "OverrideChargeUp": "Combat_Charge_Jeb",
      "Congratulate": "E_Congratulate_C&J"
    },
    {
      "Filename": "Animset_Hirelings_Massive",
      "Root": "Arena_Mag",
      "Walk": "Move_Golem_Walk",
      "Run": "Move_Golem_Run",
      "Dash": "Move_Golem_Sprint",
      "LandFall": "Fall_Land_Big",
      "EmoteCombat": "E_Waiting_Golem",
      "EmoteMad": "E_Angry Golem",
      "OverrideDashAttack": "Combat_Dash_Hire_Massive",
      "OverrideDashSpecial": "Combat_DashSpecial_TowerGuard 3",
      "OverrideChargeUp": "Combat_Charge_Hire_Massive",
      "OverrideShove": "SpecialAttack_Golem",
      "RearSmash": "Smash_Rear_1",
      "SpecialAngry": "Special_Angry_TowerGuard",
      "Congratulate": "E_Congratulate_C&J",
      "DeathBody": "Death_Golem",
      "DeathHead": "Death_Golem"
    },
    {
      "Filename": "Animset_Hirelings_Mercenary",
      "Root": "Default",
      "Idle": "Idle_Crackpot",
      "EmoteCombat": "E_Waiting_Tactical",
      "OverrideGrapple": "G2_Execute",
      "OverrideDashSpecial": "Combat_DashSpecial_TowerGuard",
      "OverrideChargeUp": "Combat_Charge_TowerGuard1",
      "OverrideShove": "SpecialAttack_2_Deimos",
      "SpecialAngry": "Special_Angry_TowerGuard",
      "Congratulate": "E_Congratulate_C&J"
    },
    {
      "Filename": "Animset_Hirelings_N51",
      "Root": "Default",
      "EmoteCombat": "E_Waiting_Tactical",
      "OverrideGrapple": "G2_Execute",
      "OverrideDashAttack": "Combat_Dash_Tied_2",
      "OverrideDashSpecial": "Combat_DashSpecial_TowerGuard",
      "OverrideShove": "SpecialAttack_2_Deimos",
      "SpecialAngry": "Special_Angry_Golem",
      "Congratulate": "E_Congratulate_C&J"
    },
    {
      "Filename": "Animset_Hirelings_Offering",
      "Root": "Default",
      "Idle": "Idle_Halloween",
      "Walk": "Move_Zed_Walk",
      "Run": "Move_Zed_Run NoAlts",
      "Dash": "Move_Zed_Sprint",
      "OverrideGrapple": "G2_Execute",
      "OverrideDashSpecial": "Combat_DashSpecial_TowerGuard 3",
      "SpecialAngry": "Special_Angry_Golem",
      "Congratulate": "E_Congratulate_C&J"
    },
    {
      "Filename": "Animset_Hirelings_Patient",
      "Root": "Default",
      "Idle": "Idle_Crazy",
      "Walk": "Move_Abom_Walk",
      "Run": "Move_Abom_Run",
      "OverrideGrapple": "G2_Patient",
      "OverrideDashAttack": "Combat_Dash_Tied_1",
      "OverrideDashSpecial": "Combat_DashSpecial_TowerGuard 3",
      "SpecialAngry": "Special_Angry_Brute",
      "Congratulate": "E_Congratulate_C&J"
    },
    {
      "Filename": "Animset_Hirelings_Tinkerer",
      "Root": "Default",
      "OverrideDashSpecial": "Combat_DashSpecial_TowerGuard",
      "SpecialAngry": "Special_Angry_Golem",
      "Congratulate": "E_Congratulate_C&J"
    },
    {
      "Filename": "Animset_Hirelings_Vamp",
      "Root": "Vamp",
      "OverrideGrapple": "G_Zed",
      "OverrideDashAttack": "Combat_Dash_Tied_2",
      "OverrideDashSpecial": "Combat_DashSpecial_Vamp",
      "SpecialAngry": "Special_Angry_Gil",
      "Congratulate": "E_Congratulate_C&J"
    },
    {
      "Filename": "Animset_Hirelings_Zed",
      "Root": "Zed",
      "OverrideGrapple": "G2_Zed",
      "OverrideDashSpecial": "Combat_DashSpecial_Vamp",
      "SpecialAngry": "Special_Angry_Gil",
      "Congratulate": "E_Congratulate_C&J"
    }
  ],
  "Corpus": [
    {
      "Filename": "Corpus_Hireling_Noob",
      "Root": "Hero",
      "Color": {
        "r": 0.5294118,
        "g": 0.1568627,
        "b": 0.145098,
        "a": 1.0
      },
      "Icon": "Corpus_Hireling_Noob"
    },
    {
      "Filename": "Corpus_Hireling_Agent",
      "Root": "Hero",
      "Color": {
        "r": 0.372549,
        "g": 0.5254902,
        "b": 0.9215686,
        "a": 1.0
      },
      "Icon": "Corpus_Hireling_Agent"
    },
    {
      "Filename": "Corpus_Hireling_Creber",
      "Root": "Hero",
      "Color": {
        "r": 0.454902,
        "g": 0.1294118,
        "b": 0.1607843,
        "a": 1.0
      },
      "Icon": "Corpus_Hireling_Creber"
    },
    {
      "Filename": "Corpus_Hireling_Disquieted",
      "Root": "Hero",
      "Color": {
        "r": 0.7098039,
        "g": 0.1294118,
        "b": 0.1254902,
        "a": 1.0
      },
      "Icon": "Corpus_Hireling_Disquieted"
    },
    {
      "Filename": "Corpus_Hireling_Experiment",
      "Root": "Hero",
      "Icon": "Corpus_Hireling_Experiment",
      "Color": {
        "r": 1.0,
        "g": 0.7529412,
        "b": 0.7960784,
        "a": 1.0
      }
    },
    {
      "Filename": "Corpus_Hireling_GO3LM",
      "Root": "Hero",
      "Color": {
        "r": 0.3960784,
        "g": 0.1176471,
        "b": 0.0666667,
        "a": 1.0
      },
      "Icon": "Corpus_Hireling_GO3LM"
    },
    {
      "Filename": "Corpus_Hireling_MAG",
      "Root": "Hero",
      "Icon": "Corpus_Hireling_MAG",
      "Color": {
        "r": 0.5019608,
        "g": 0.5019608,
        "b": 0.5019608,
        "a": 1.0
      }
    },
    {
      "Filename": "Corpus_Hireling_Magiturge",
      "Root": "Hero",
      "Color": {
        "r": 0.1333333,
        "g": 0.7607843,
        "b": 0.7607843,
        "a": 1.0
      },
      "Icon": "Corpus_Hireling_Magiturge"
    },
    {
      "Filename": "Corpus_Hireling_Massive",
      "Root": "Hero",
      "Color": {
        "r": 0.2392157,
        "g": 0.4588235,
        "b": 0.3019608,
        "a": 1.0
      },
      "Icon": "Corpus_Hireling_Massive"
    },
    {
      "Filename": "Corpus_Hireling_Mercenary",
      "Root": "Hero",
      "Color": {
        "r": 0.2862745,
        "g": 0.2313725,
        "b": 0.1176471,
        "a": 1.0
      },
      "Icon": "Corpus_Hireling_Mercenary"
    },
    {
      "Filename": "Corpus_Hireling_N51",
      "Root": "Hero",
      "Icon": "Corpus_Hireling_N51",
      "Color": {
        "r": 1.0,
        "g": 1.0,
        "b": 0.0,
        "a": 1.0
      }
    },
    {
      "Filename": "Corpus_Hireling_Offering",
      "Root": "Hero",
      "Color": {
        "r": 0.1137255,
        "g": 0.0196078,
        "b": 0.0235294,
        "a": 1.0
      },
      "Icon": "Corpus_Hireling_Offering"
    },
    {
      "Filename": "Corpus_Hireling_Patient",
      "Root": "Hero",
      "Icon": "Corpus_Hireling_Patient",
      "Color": {
        "r": 1.0,
        "g": 1.0,
        "b": 1.0,
        "a": 1.0
      }
    },
    {
      "Filename": "Corpus_Hireling_Tinkerer",
      "Root": "Hero",
      "Color": {
        "r": 0.7411765,
        "g": 0.4313725,
        "b": 0.1294118,
        "a": 1.0
      },
      "Icon": "Corpus_Hireling_Tinkerer"
    },
    {
      "Filename": "Corpus_Hireling_Vamp",
      "Root": "Vamp",
      "Color": {
        "r": 0.7058824,
        "g": 0.2470588,
        "b": 0.3215686,
        "a": 1.0
      },
      "Icon": "Corpus_Hireling_Vamp",
      "Buffs": ["empty"]
    },
    {
      "Filename": "Corpus_Hireling_Zed",
      "Root": "Zed",
      "Color": {
        "r": 0.5568627,
        "g": 0.6509804,
        "b": 0.2823529,
        "a": 1.0
      },
      "Icon": "Corpus_Hireling_Zed",
      "Buffs": ["empty"]
    }
  ],
  "Animations": [
    {
      "Filename": "Combat_Charge_Hire_Massive",
      "Root": "Combat_Charge_Massive",
      "ClipPairs": [
        {
          "Clip1": "anim_HalfMag_SpiceyPunch CHARGEUP SWING SHORTER",
          "Clip2": "anim_HalfMag_SpiceyPunch CHARGEUP SWING"
        }
      ],
      "FloatVals": [
        10.0,
        0.0,
        0.0,
        0.0
      ]
    },
    {
      "Filename": "Combat_Dash_Hire_Massive",
      "Root": "Combat_Dash_1",
      "ClipPairs": [
        {
          "Clip1": "combat_special_unarmed_dash_1a",
          "Clip2": "Combat_Gestalt_Bodyslam"
        }
      ]
    },
    {
      "Filename": "Combat_Charge_Hire_MAG",
      "Root": "Combat_Charge_Huge",
      "Clips": [
        "combat_banditbrute_taunt_1"
      ],
      "ClipPairs": [
        {
          "Clip1": "Combat_Gestalt_Bodyslam",
          "Clip2": "Combat_Gestalt_Bodyslam2"
        }
      ]
    }
  ],
  "Armor": [
    {
      "Filename": "Gear_Hire_Noob",
      "Root": "Aug_0_Bone",
      "Name": "<color=#C52B24>No Origin</color>",
      "NameShort": "<color=#C52B24>Noob</color>",
      "Description": "Today is the first interesting day of your life.",
      "Size": 1.0,
      "Weight": 0.0,
      "Tier": 0,
      "Genre": "Alphaware",
      "Store": "NONE",
      "Buffs": ["empty"],
      "Protection": 0.0,
      "Slot": "Hireling Origin",
      "Traits": [
        "NeverUnequip"
      ]
    },
    {
      "Filename": "Gear_Hire_Agent",
      "Root": "Aug_0_Bone",
      "Name": "<color=#7591D4>Undercover Agent</color>",
      "NameShort": "<color=#7591D4>Agent</color>",
      "Description": "You're secretly employed by one of Nevada's several shadowy agencies. There are only a few of them that anyone knows about, but those are not the ones to which you belong. It's not all martinis and casinos, though; if people knew the work you've done, they would curl into little balls of horror and despair.\n\nToday, you're disguising your involvement in this new \"Enmeshment Program\" endeavor by going undercover as a transfer from another department.",
      "Size": 1.0,
      "Weight": 0.0,
      "Tier": 0,
      "Genre": "Alphaware",
      "Store": "NONE",
      "Buffs": [
        {
          "Name": "",
          "Description": "",
          "Type": "ExtraMags_Handgun",
          "Amount": 2.0,
          "AmPercent": false,
          "ShowAsGood": true
        },
        {
          "Name": "",
          "Description": "",
          "Type": "RateOfFireNon_Automatics",
          "Amount": 0.25,
          "AmPercent": true,
          "ShowAsGood": true
        },
        {
          "Name": "",
          "Description": "",
          "Type": "EncumbranceMax",
          "Amount": -0.15,
          "AmPercent": true,
          "ShowAsGood": false
        },
        {
          "Name": "",
          "Description": "",
          "Type": "Stat_Tactics",
          "Amount": 0.25,
          "AmPercent": true,
          "ShowAsGood": true
        },
        {
          "Name": "",
          "Description": "",
          "Type": "Stat_Dexterity",
          "Amount": 0.25,
          "AmPercent": true,
          "ShowAsGood": true
        },
        {
          "Name": "",
          "Description": "",
          "Type": "Stat_Strength",
          "Amount": -0.25,
          "AmPercent": true,
          "ShowAsGood": false
        }
      ],
      "Protection": 0.0,
      "Slot": "Hireling Origin",
      "Traits": [
        "NeverUnequip"
      ]
    },
    {
      "Filename": "Gear_Hire_Creber",
      "Root": "Aug_0_Bone",
      "Name": "<color=#742129>Project Creber</color>",
      "NameShort": "<color=#742129>Creber</color>",
      "Description": "Everything changed the day you dropped that canister of RSG (\"Replication Support Gas\") on yourself. The next morning, you discovered you'd grown a foot...<i>literally.</i> The day after that, a new arm (what are those?).\n\nBy the end of the week, there were two of you.\n\nNow, the shadowy agencies of Nevada want what you have, so you've taken your gift on the road. Good thing you enjoy your own company, because you're gonna have a lot of it.",
      "Size": 1.0,
      "Weight": 0.0,
      "Tier": 0,
      "Genre": "Alphaware",
      "Store": "NONE",
      "Buffs": [
        {
          "Name": "",
          "Description": "",
          "Type": "HirelingRecoveryTime",
          "Amount": -0.5,
          "AmPercent": true,
          "ShowAsGood": true
        },
        {
          "Name": "",
          "Description": "",
          "Type": "TacDefense",
          "Amount": -0.15,
          "AmPercent": true,
          "ShowAsGood": false
        },
        {
          "Name": "",
          "Description": "",
          "Type": "AllDamage",
          "Amount": 0.1,
          "AmPercent": true,
          "ShowAsGood": true
        },
        {
          "Name": "",
          "Description": "",
          "Type": "MoveSpeed",
          "Amount": -0.1,
          "AmPercent": true,
          "ShowAsGood": false
        },
        {
          "Name": "",
          "Description": "",
          "Type": "Stat_Strength",
          "Amount": 0.25,
          "AmPercent": true,
          "ShowAsGood": true
        },
        {
          "Name": "",
          "Description": "",
          "Type": "Stat_Tactics",
          "Amount": 0.25,
          "AmPercent": true,
          "ShowAsGood": true
        },
        {
          "Name": "",
          "Description": "",
          "Type": "Stat_Dexterity",
          "Amount": -0.25,
          "AmPercent": true,
          "ShowAsGood": false
        }
      ],
      "Protection": 0.0,
      "Slot": "Hireling Origin",
      "Traits": [
        "NeverUnequip"
      ]
    },
    {
      "Filename": "Gear_Hire_Disquieted",
      "Root": "Aug_0_Bone",
      "Name": "<color=#FF1B00>Disquieted One</color>",
      "NameShort": "<color=#FF1B00>Disquieted</color>",
      "Description": "All denizens of Nevada share a bond. You see this more clearly than anyone, which is why you alone know that this is a terrible thing. That bond is slavery to a machine that only you have glimpsed, an algorithmic system that puppeteers the actions of the oblivious masses. There is only one solution. One way out. You must sever that bond with your fellow Nevadeans, one life at a time.\n\nThere is definitely something terribly wrong with you. Welcome to Nevada...you're going to fit right in.",
      "Size": 1.0,
      "Weight": 0.0,
      "Tier": 0,
      "Genre": "Alphaware",
      "Store": "NONE",
      "Buffs": [
        {
          "Name": "",
          "Description": "",
          "Type": "SlashingDamage",
          "Amount": 0.3,
          "AmPercent": true,
          "ShowAsGood": true
        },
        {
          "Name": "",
          "Description": "",
          "Type": "RangedDamage",
          "Amount": -0.2,
          "AmPercent": true,
          "ShowAsGood": false
        },
        {
          "Name": "",
          "Description": "",
          "Type": "Stat_Strength",
          "Amount": 0.25,
          "AmPercent": true,
          "ShowAsGood": true
        },
        {
          "Name": "",
          "Description": "",
          "Type": "Stat_Tactics",
          "Amount": 0.25,
          "AmPercent": true,
          "ShowAsGood": true
        },
        {
          "Name": "",
          "Description": "",
          "Type": "Stat_Dexterity",
          "Amount": -0.25,
          "AmPercent": true,
          "ShowAsGood": false
        }
      ],
      "Protection": 0.0,
      "Slot": "Hireling Origin",
      "Traits": [
        "NeverUnequip"
      ]
    },
    {
      "Filename": "Gear_Hire_Experiment",
      "Root": "Aug_0_Bone",
      "Name": "<color=#DFA6EC>Terrible Experiment</color>",
      "NameShort": "<color=#DFA6EC>Experiment</color>",
      "Description": "You were born from a test tube, grown in a vat, and spent most of your life surrounded by glass and cryo-fluid. You were the plaything of countless, unscrupulous experiments, which left you with scars, mental instability, and a bubbling hatred for your tormentors.\n\nAnd then one day they simply let you walk out of the laboratory where you were constructed...but why?",
      "Size": 1.0,
      "Weight": 0.0,
      "Tier": 0,
      "Genre": "Alphaware",
      "Store": "NONE",
      "Buffs": [
        {
          "Name": "",
          "Description": "",
          "Type": "UnarmedDamage",
          "Amount": 0.4,
          "AmPercent": true,
          "ShowAsGood": true
        },
        {
          "Name": "",
          "Description": "",
          "Type": "DamageFromFire",
          "Amount": 0.2,
          "AmPercent": true,
          "ShowAsGood": false
        },
        {
          "Name": "",
          "Description": "",
          "Type": "Stat_Dexterity",
          "Amount": 0.25,
          "AmPercent": true,
          "ShowAsGood": true
        },
        {
          "Name": "",
          "Description": "",
          "Type": "Stat_Endurance",
          "Amount": 0.25,
          "AmPercent": true,
          "ShowAsGood": true
        },
        {
          "Name": "",
          "Description": "",
          "Type": "Stat_Tactics",
          "Amount": -0.25,
          "AmPercent": true,
          "ShowAsGood": false
        }
      ],
      "Protection": 0.0,
      "Slot": "Hireling Origin",
      "Traits": [
        "NeverUnequip"
      ]
    },
    {
      "Filename": "Gear_Hire_Magiturge",
      "Root": "Aug_0_Bone",
      "Name": "<color=#00FFFF>Magiturge</color>",
      "NameShort": "<color=#00FFFF>Magiturge</color>",
      "Description": "The universe whispers its secrets to you in eldrich tongues. But...you've never much cared for conversation, so you rarely pickup its calls. Instead, you have taken to cracking the grand mysteries of Nevada through brute force and sheer willpower (of which your reserves are unlimited). You've already seen what lies at the ephemeral borders of this plane. Just a little further until you see what waits for you beyond it....\n\nSome may call you \"wizard\". That's cute. Maybe it's because you're very smart and only use big numbers. Or maybe it's the pointy hat. That's their mystery to solve; you've got plenty of your own.",
      "Size": 1.0,
      "Weight": 0.0,
      "Tier": 0,
      "Genre": "Alphaware",
      "Store": "NONE",
      "Buffs": [
        {
          "Name": "",
          "Description": "",
          "Type": "EncumbranceMax",
          "Amount": -0.3,
          "AmPercent": true,
          "ShowAsGood": false
        },
        {
          "Name": "",
          "Description": "",
          "Type": "ExtraMags",
          "Amount": -1.0,
          "AmPercent": false,
          "ShowAsGood": false
        },
        {
          "Name": "",
          "Description": "",
          "Type": "DamageFromElements",
          "Amount": -0.75,
          "AmPercent": true,
          "ShowAsGood": true
        },
        {
          "Name": "",
          "Description": "",
          "Type": "AllDamage",
          "Amount": 0.15,
          "AmPercent": true,
          "ShowAsGood": true
        }
      ],
      "Protection": 0.0,
      "Slot": "Hireling Origin",
      "Traits": [
        "NeverUnequip"
      ]
    },
    {
      "Filename": "Gear_Hire_Massive",
      "Root": "Aug_0_Bone",
      "Name": "<color=#56AB72>The Massive</color>",
      "NameShort": "<color=#56AB72>Massive</color>",
      "Description": "What a big fellow you are! While all the jocks were busy pumping iron, you were finishing your plate (including the greens!). They got big, sure. But you got bigger.\n\nAnd bigger. And bigger.\n\nNow you're out in the world, seeking the next herculean feat to best. After all, no physical challenge has hindered you yet.",
      "Size": 1.0,
      "Weight": 0.0,
      "Tier": 0,
      "Genre": "Alphaware",
      "Store": "NONE",
      "Buffs": [
        {
          "Name": "",
          "Description": "",
          "Type": "ResistDizzy",
          "Amount": 0.75,
          "AmPercent": true,
          "ShowAsGood": true
        },
        {
          "Name": "",
          "Description": "",
          "Type": "RateOfFireNon_Automatics",
          "Amount": -0.5,
          "AmPercent": true,
          "ShowAsGood": false
        },
        {
          "Name": "",
          "Description": "",
          "Type": "RangedAccuracy",
          "Amount": -0.4,
          "AmPercent": true,
          "ShowAsGood": false
        },
        {
          "Name": "",
          "Description": "",
          "Type": "Stat_Strength",
          "Amount": 0.75,
          "AmPercent": true,
          "ShowAsGood": true
        },
        {
          "Name": "",
          "Description": "",
          "Type": "Stat_Endurance",
          "Amount": 0.75,
          "AmPercent": true,
          "ShowAsGood": true
        },
        {
          "Name": "",
          "Description": "",
          "Type": "Stat_Dexterity",
          "Amount": -0.5,
          "AmPercent": true,
          "ShowAsGood": false
        },
        {
          "Name": "",
          "Description": "",
          "Type": "Stat_Tactics",
          "Amount": -0.5,
          "AmPercent": true,
          "ShowAsGood": false
        }
      ],
      "Protection": 0.0,
      "Slot": "Hireling Origin",
      "Traits": [
        "NeverUnequip"
      ]
    },
    {
      "Filename": "Gear_Hire_Mercenary",
      "Root": "Aug_0_Bone",
      "Name": "<color=#7B652A>Ronin Mercenary</color>",
      "NameShort": "<color=#7B652A>Mercenary</color>",
      "Description": "You were once a bodyguard to an important Nevadean bureaucrat, until your master was slain on your day off (bodyguards need weekends off, you see).\n\nNow you are a traveling warrior. A hired blade. You wander from city to city, offering your muscle to the highest bidder. Fellow fighters are drawn to you, and you allow them to bask in your mighty aura. Just make certain that your spotlight doesn't become theirs.",
      "Size": 1.0,
      "Weight": 0.0,
      "Tier": 0,
      "Genre": "Alphaware",
      "Store": "NONE",
      "Buffs": [
        {
          "Name": "",
          "Description": "",
          "Type": "CashBonus",
          "Amount": 0.25,
          "AmPercent": true,
          "ShowAsGood": true
        },
        {
          "Name": "",
          "Description": "",
          "Type": "MeleeDamage",
          "Amount": 0.15,
          "AmPercent": true,
          "ShowAsGood": true
        },
        {
          "Name": "",
          "Description": "",
          "Type": "Stat_Strength",
          "Amount": 0.25,
          "AmPercent": true,
          "ShowAsGood": true
        },
        {
          "Name": "",
          "Description": "",
          "Type": "Stat_Tactics",
          "Amount": 0.25,
          "AmPercent": true,
          "ShowAsGood": true
        },
        {
          "Name": "",
          "Description": "",
          "Type": "Stat_Endurance",
          "Amount": -0.25,
          "AmPercent": true,
          "ShowAsGood": false
        }
      ],
      "Protection": 0.0,
      "Slot": "Hireling Origin",
      "Traits": [
        "NeverUnequip"
      ]
    },
    {
      "Filename": "Gear_Hire_N51",
      "Root": "Aug_0_Bone",
      "Name": "<color=#D8FF00>N51 Recruit</color>",
      "NameShort": "<color=#D8FF00>N51</color>",
      "Description": "A soldier in training, now separated from your comrades in arms, you decide to work alongside whoever you deem worth while.",
      "Size": 1.0,
      "Weight": 0.0,
      "Tier": 0,
      "Genre": "Alphaware",
      "Store": "NONE",
      "Buffs": [
        {
          "Name": "",
          "Description": "",
          "Type": "ExtraMags",
          "Amount": 1.0,
          "AmPercent": false,
          "ShowAsGood": true
        },
        {
          "Name": "",
          "Description": "",
          "Type": "RangedAccuracy",
          "Amount": 0.25,
          "AmPercent": true,
          "ShowAsGood": true
        },
        {
          "Name": "",
          "Description": "",
          "Type": "AllDamage",
          "Amount": 0.1,
          "AmPercent": true,
          "ShowAsGood": true
        },
        {
          "Name": "",
          "Description": "",
          "Type": "Stat_Tactics",
          "Amount": 0.25,
          "AmPercent": true,
          "ShowAsGood": true
        },
        {
          "Name": "",
          "Description": "",
          "Type": "Stat_Endurance",
          "Amount": -0.25,
          "AmPercent": true,
          "ShowAsGood": false
        }
      ],
      "Protection": 0.0,
      "Slot": "Hireling Origin",
      "Traits": [
        "NeverUnequip"
      ]
    },
    {
      "Filename": "Gear_Hire_Offering",
      "Root": "Aug_0_Bone",
      "Name": "<color=#1F0001>An Offering</color>",
      "NameShort": "<color=#1F0001>An Offering</color>",
      "Description": "You were built for sacrifice, taught to find joy only in the giving of yourself to a nightmarish cause. Every day of your upbringing was supervised by elders of your infernal cadre for the grand ceremony that would culminate in your expiration.\n\nWhen the day arrived to give yourself over to the Higher Powers, your tribute was rejected. Oh, they were all too delighted to relieve you of your life. But your shell, no longer a suitable host to their demonic essences, remained behind to perpetuate their dark bidding.",
      "Size": 1.0,
      "Weight": 0.0,
      "Tier": 0,
      "Genre": "Alphaware",
      "Store": "NONE",
      "Buffs": [
        {
          "Name": "",
          "Description": "",
          "Type": "DamageFromElements",
          "Amount": -0.25,
          "AmPercent": true,
          "ShowAsGood": true
        },
        {
          "Name": "",
          "Description": "",
          "Type": "TraumaRegen",
          "Amount": 0.25,
          "AmPercent": true,
          "ShowAsGood": true
        },
        {
          "Name": "",
          "Description": "",
          "Type": "Stat_Dexterity",
          "Amount": 0.25,
          "AmPercent": true,
          "ShowAsGood": true
        },
        {
          "Name": "",
          "Description": "",
          "Type": "Stat_Endurance",
          "Amount": 0.25,
          "AmPercent": true,
          "ShowAsGood": true
        },
        {
          "Name": "",
          "Description": "",
          "Type": "Stat_Strength",
          "Amount": -0.25,
          "AmPercent": true,
          "ShowAsGood": false
        }
      ],
      "Protection": 0.0,
      "Slot": "Hireling Origin",
      "Traits": [
        "NeverUnequip"
      ]
    },
    {
      "Filename": "Gear_Hire_Patient",
      "Root": "Aug_0_Bone",
      "Name": "<color=#898989>Escaped Patient</color>",
      "NameShort": "<color=#898989>Patient</color>",
      "Description": "You were once an esteemed researcher in the employ of one of Nevada's leading scientific bureaus. You obeyed directives and toed the line without question for years. It seemed as though your meteoric rise through the bureau would continue unabated forever...until a dangerous thought landed you strapped to a bed in a padded room, where you remained for an incalculable amount of time. \n\nRecently you were ejected from the sanitarium and issued a clean bill of health. Perhaps they should have examined you more closely.",
      "Size": 1.0,
      "Weight": 0.0,
      "Tier": 0,
      "Genre": "Alphaware",
      "Store": "NONE",
      "Buffs": [
        {
          "Name": "",
          "Description": "",
          "Type": "ResistDizzy",
          "Amount": 0.5,
          "AmPercent": true,
          "ShowAsGood": true
        },
        {
          "Name": "",
          "Description": "",
          "Type": "H2HSpeed",
          "Amount": 0.25,
          "AmPercent": true,
          "ShowAsGood": true
        },
        {
          "Name": "",
          "Description": "",
          "Type": "Stat_Strength",
          "Amount": 0.25,
          "AmPercent": true,
          "ShowAsGood": true
        },
        {
          "Name": "",
          "Description": "",
          "Type": "Stat_Endurance",
          "Amount": 0.25,
          "AmPercent": true,
          "ShowAsGood": true
        },
        {
          "Name": "",
          "Description": "",
          "Type": "Stat_Dexterity",
          "Amount": -0.25,
          "AmPercent": true,
          "ShowAsGood": false
        }
      ],
      "Protection": 0.0,
      "Slot": "Hireling Origin",
      "Traits": [
        "NeverUnequip"
      ]
    },
    {
      "Filename": "Gear_Hire_Tinkerer",
      "Root": "Aug_0_Bone",
      "Name": "<color=#FF9B00>Tinkerer</color>",
      "NameShort": "<color=#FF9B00>Tinkerer</color>",
      "Description": "Oh boy, do you love guns. You really, <i>really</i> love guns. I mean, there are folks out there who <i>say</i> they love guns, but they don't hold a candle to your unconditional infatuation with guns. When you're not busy lobbying to overturn the marriage statute banning the union between a Nevadean and their gun, you're playing with guns. Taking apart guns. Tweaking guns. Putting guns back together again. You never leave your house without your guns, and when you come home, you cannot go to sleep until you've said goodnight to every gun in your possession.\n\nYou love guns.",
      "Size": 1.0,
      "Weight": 0.0,
      "Tier": 0,
      "Genre": "Alphaware",
      "Store": "NONE",
      "Buffs": [
        {
          "Name": "",
          "Description": "",
          "Type": "ExtraMags",
          "Amount": 3.0,
          "AmPercent": false,
          "ShowAsGood": true
        },
        {
          "Name": "",
          "Description": "",
          "Type": "DamageFromH2H",
          "Amount": 0.2,
          "AmPercent": true,
          "ShowAsGood": false
        },
        {
          "Name": "",
          "Description": "",
          "Type": "Stat_Dexterity",
          "Amount": 0.25,
          "AmPercent": true,
          "ShowAsGood": true
        },
        {
          "Name": "",
          "Description": "",
          "Type": "Stat_Tactics",
          "Amount": 0.25,
          "AmPercent": true,
          "ShowAsGood": true
        },
        {
          "Name": "",
          "Description": "",
          "Type": "Stat_Endurance",
          "Amount": -0.25,
          "AmPercent": true,
          "ShowAsGood": false
        }
      ],
      "Protection": 0.0,
      "Slot": "Hireling Origin",
      "Traits": [
        "NeverUnequip"
      ]
    },
    {
      "Filename": "Gear_Hire_GO3LM",
      "Root": "Aug_0_Bone",
      "Name": "<color=#651E11>GO3LM</color>",
      "NameShort": "<color=#651E11>GO3LM</color>",
      "Description": "Large and scary looking, but deep inside you are filled with kindess and good will, with some minor anger issues.",
      "Size": 1.0,
      "Weight": 0.0,
      "Tier": 0,
      "Genre": "Alphaware",
      "Store": "NONE",
      "Buffs": [
        {
          "Name": "",
          "Description": "",
          "Type": "ResistDizzy",
          "Amount": 1.0,
          "AmPercent": true,
          "ShowAsGood": true
        },
        {
          "Name": "",
          "Description": "",
          "Type": "MoveSpeed",
          "Amount": -0.25,
          "AmPercent": true,
          "ShowAsGood": false
        },
        {
          "Name": "",
          "Description": "",
          "Type": "ArmorDefense",
          "Amount": 0.25,
          "AmPercent": true,
          "ShowAsGood": true
        },
        {
          "Name": "",
          "Description": "",
          "Type": "Stat_Strength",
          "Amount": 1.25,
          "AmPercent": true,
          "ShowAsGood": true
        },
        {
          "Name": "",
          "Description": "",
          "Type": "Stat_Endurance",
          "Amount": 1.0,
          "AmPercent": true,
          "ShowAsGood": true
        },
        {
          "Name": "",
          "Description": "",
          "Type": "Stat_Dexterity",
          "Amount": -0.75,
          "AmPercent": true,
          "ShowAsGood": false
        },
        {
          "Name": "",
          "Description": "",
          "Type": "Stat_Tactics",
          "Amount": -0.5,
          "AmPercent": true,
          "ShowAsGood": false
        }
      ],
      "Protection": 0.0,
      "Slot": "Hireling Origin",
      "Traits": [
        "NeverUnequip"
      ]
    },
    {
      "Filename": "Gear_Hire_MAG",
      "Root": "Aug_0_Bone",
      "Name": "<color=#808080>MAG</color>",
      "NameShort": "<color=#808080>MAG</color>",
      "Description": "You are much larger than your average grunt that even your enthusiam for work is amplified!",
      "Size": 1.0,
      "Weight": 0.0,
      "Tier": 0,
      "Genre": "Alphaware",
      "Store": "NONE",
      "Buffs": [
        {
          "Name": "",
          "Description": "",
          "Type": "ResistDizzy",
          "Amount": 1.0,
          "AmPercent": true,
          "ShowAsGood": true
        },
        {
          "Name": "",
          "Description": "",
          "Type": "UnarmedDamage",
          "Amount": 1.0,
          "AmPercent": true,
          "ShowAsGood": true
        },
        {
          "Name": "",
          "Description": "",
          "Type": "TacDefense",
          "Amount": -1.0,
          "AmPercent": true,
          "ShowAsGood": false
        },
        {
          "Name": "",
          "Description": "",
          "Type": "Stat_Strength",
          "Amount": 1.25,
          "AmPercent": true,
          "ShowAsGood": true
        },
        {
          "Name": "",
          "Description": "",
          "Type": "Stat_Endurance",
          "Amount": 1.25,
          "AmPercent": true,
          "ShowAsGood": true
        },
        {
          "Name": "",
          "Description": "",
          "Type": "Stat_Dexterity",
          "Amount": -0.75,
          "AmPercent": true,
          "ShowAsGood": false
        },
        {
          "Name": "",
          "Description": "",
          "Type": "Stat_Tactics",
          "Amount": -0.5,
          "AmPercent": true,
          "ShowAsGood": false
        },
        {
          "Name": "",
          "Description": "",
          "Type": "DamageFromCold",
          "Amount": 0.5,
          "AmPercent": true,
          "ShowAsGood": false
        },
        {
          "Name": "",
          "Description": "",
          "Type": "ExtraMags_Heavy",
          "Amount": 3.0,
          "AmPercent": false,
          "ShowAsGood": true
        }
      ],
      "Protection": 0.0,
      "Slot": "Hireling Origin",
      "Traits": [
        "NeverUnequip"
      ]
    },
    {
      "Filename": "Gear_Hire_Vamp",
      "Root": "Aug_0_Bone",
      "Name": "<color=#FFFF00>Vampire Punk</color>",
      "NameShort": "<color=#FFFF00>Vampire Punk</color>",
      "Description": "A bloodthirsty punk of the night, you crave blood as much as you crave good music with a particular hate for the sun and anything bright",
      "Size": 1.0,
      "Weight": 0.0,
      "Tier": 0,
      "Genre": "Alphaware",
      "Store": "NONE",
      "Buffs": [
        {
          "Name": "",
          "Description": "",
          "Type": "TacDefense",
          "Amount": 0.25,
          "AmPercent": false,
          "ShowAsGood": false
        },
        {
          "Name": "",
          "Description": "",
          "Type": "UnarmedDamage",
          "Amount": 0.2,
          "AmPercent": true,
          "ShowAsGood": true
        },
        {
          "Name": "",
          "Description": "",
          "Type": "DamageFromFire",
          "Amount": 0.2,
          "AmPercent": true,
          "ShowAsGood": false
        },
        {
          "Name": "",
          "Description": "",
          "Type": "Stat_Dexterity",
          "Amount": 0.25,
          "AmPercent": true,
          "ShowAsGood": true
        },
        {
          "Name": "",
          "Description": "",
          "Type": "Stat_Strength",
          "Amount": 0.25,
          "AmPercent": true,
          "ShowAsGood": true
        },
        {
          "Name": "",
          "Description": "",
          "Type": "Stat_Tactics",
          "Amount": -0.25,
          "AmPercent": true,
          "ShowAsGood": false
        }
      ],
      "Protection": 0.0,
      "Slot": "Hireling Origin",
      "Traits": [
        "NeverUnequip"
      ]
    },
    {
      "Filename": "Gear_Hire_Zed",
      "Root": "Aug_0_Bone",
      "Name": "<color=#720C00>Zed</color>",
      "NameShort": "<color=#720C00>Zed</color>",
      "Description": "You'd think you'd died and gone to heaven. Except, the opposite, finding yourself stuck in your own corpse craving the flesh of the living, or maybe you are just cranky because you haven't eaten in days.",
      "Size": 1.0,
      "Weight": 0.0,
      "Tier": 0,
      "Genre": "Alphaware",
      "Store": "NONE",
      "Buffs": [
        {
          "Name": "",
          "Description": "",
          "Type": "ResistDizzy",
          "Amount": 1.0,
          "AmPercent": true,
          "ShowAsGood": true
        },
        {
          "Name": "",
          "Description": "",
          "Type": "RateOfFireNon_Automatics",
          "Amount": -0.5,
          "AmPercent": true,
          "ShowAsGood": false
        },
        {
          "Name": "",
          "Description": "",
          "Type": "EncumbranceMax",
          "Amount": 0.25,
          "AmPercent": true,
          "ShowAsGood": true
        },
        {
          "Name": "",
          "Description": "",
          "Type": "Stat_Strength",
          "Amount": 0.5,
          "AmPercent": true,
          "ShowAsGood": true
        },
        {
          "Name": "",
          "Description": "",
          "Type": "Stat_Endurance",
          "Amount": 0.5,
          "AmPercent": true,
          "ShowAsGood": true
        },
        {
          "Name": "",
          "Description": "",
          "Type": "Stat_Tactics",
          "Amount": -0.5,
          "AmPercent": true,
          "ShowAsGood": false
        },
        {
          "Name": "",
          "Description": "",
          "Type": "Stat_Dexterity",
          "Amount": -0.5,
          "AmPercent": true,
          "ShowAsGood": false
        }
      ],
      "Protection": 0.0,
      "Slot": "Hireling Origin",
      "Traits": [
        "NeverUnequip"
      ]
    }
  ],
  "Ammo": [
    {
      "Filename": "Ammo_7.62kx5mm_MAG",
      "Root": "7.62x51mm",
      "Name": "7.62k x 51mm",
      "NameShort": "7.62k x 51mm",
      "Description": "7.62k x 51mm for massive lads",
      "ArmorPiercing": 25.0,
      "Damage": 50.0,
      "Recoil": 50.0,
      "ShotSpeed": 300.0
    }
  ],
  "Ranged": [
    {
      "Filename": "R_MAG_Deagle_Hireling",
      "Root": "R_MAG_Deagle",
      "Name": "Nevadean Deagle Mk LX",
      "Description": "Remember that movie with the gun? Yeah, that was this gun...but bigger.\r\n<color=red>For MAG size only</color>\r\n",
      "Size": 5.0,
      "Tier": 5,
      "Genre": "Nothing",
      "Store": "Quartermaster",
      "MenuIcon": "Icon_Ranged_Pistol",
      "Traits": [
        "TooHeftyToWield",
        "GoreyKill"
      ],
      "Scale": 0.75,
      "MeleeDamage": 25.0,
      "Accuracy": 25.0,
      "Damage": 25.0,
      "Loudness": 10.0,
      "Range": 8.0,
      "Recoil": 0.0,
      "AmmoType": "Ammo_7.62kx5mm_MAG"
    }
  ]
}