{
  "Character": [
    {
      "Filename": "Imaginary",
      "Root": "Imaginary",
      "WeaponGenres": [
        "Improvised",
        "Tools",
        "Common",
        "Professional","CuttingEdge","Alphaware","Artillery","VideoGame","Magic","Nothing"
      ],
      "Behaviors": [
        "Runner",
        "Deadly",
        "Bubble",
        "HotFoot",
        "FreeAttacker",
        "WhiteNinja",
        "ItchyFinger",
        "ButtonMasher",
        "Hunter",
        "ADD",
        "Teleport_DodgePursue",
        "SpreadsJoy",
        "GetAwayFromMe"
      ],
      "Traits": [
        "Hero",
        "Unconvertable",
        "ZedProof",
        "Soulless",
        "Uncounterable",
        "Invisible",
        "Incorporeal",
        "InfiniteAmmo",
        "NoDisarm",
        "Unphased"
      ],
      "SkillGroups": [
        "Patient_Training"
      ]
    },
    {
      "Filename": "Imaginary_A",
      "Root": "Imaginary_A",
      "AnimationSet": "Animset_Imaginary_A",
      "WeaponGenres": [
        "Improvised",
        "Tools",
        "Common",
        "Professional","CuttingEdge","Alphaware","Artillery","VideoGame","Magic","Nothing"
      ],
      "Behaviors": [
        "Runner",
        "Deadly",
        "Bubble",
        "HotFoot",
        "FreeAttacker",
        "WhiteNinja",
        "ItchyFinger",
        "ButtonMasher",
        "Hunter",
        "ADD",
        "Teleport_DodgePursue",
        "GrenadeLover",
        "Evasive",
        "Coward",
        "SpreadsJoy",
        "GetAwayFromMe"
      ],
      "Traits": [
        "Hero",
        "Unconvertable",
        "ZedProof",
        "Soulless",
        "Uncounterable",
        "Invisible",
        "Incorporeal",
        "InfiniteAmmo",
        "NoDisarm",
        "Unphased"
      ],
      "Skills": ["Unarmed3",
      "Melee3",
      "Ranged3",
      "Acrobatic3",
      "LightPunch",
      "CritPunch",
      "SpecialStrike",
      "ImprovWeapon",
      "FocusPunch",
      "BetterSpecialStrike",
      "StunningFist",
      "CritPunchBonus",
      "PowerFinish",
      "ExposeCover",
      "Revelator",
      "MegaFinish",
      "Footwork",
      "Ablation",
      "Counter",
      "DashAttack",
      "DashHeavyAttack",
      "PunchEnerv",
      "MeleeCounter",
      "BasicGuard",
      "BetterGuard",
      "GuardAiming",
      "AdvancedGuard",
      "Reciprocate",
      "GuardMobility",
      "CounterCharging",
      "MeleeGuard",
      "AdvancedGuardMobility",
      "LightSwing",
      "CritSwing",
      "BluntKnockback",
      "FocusSwing",
      "FollowThrough",
      "CritSwingBonus",
      "BigWeapons",
      "BlockBreaker",
      "Positioning",
      "EdgedTiming",
      "MinorLeague",
      "DualMelee",
      "EdgedSpeed",
      "AdvancedDualMelee",
      "QuickUnsheath",
      "ZipAttack",
      "BasicBlock",
      "BetterBlock",
      "BlockAiming",
      "BlockMobility",
      "Riposte",
      "Parry",
      "AdvancedBlock",
      "BlockBullets",
      "DeflectBullets",
      "ReflectBullets",
      "AdvancedBlockMobility",
      "TacticalNovice",
      "MovingTarget",
      "TacticalJourneyman",
      "DodgeTackle",
      "SnapDodge",
      "ShootDodge",
      "PickupKick",
      "PickupLeaping",
      "TacticalMaster",
      "HeadLeap",
      "SprintFire",
      "PreciseThrow",
      "CatchThrown",
      "ShurikenThrow",
      "MadarangDisarm",
      "DeadlyThrow",
      "ShurikenArc",
      "LethalBluntThrow",
      "Lawnmower",
      "ThrowBig",
      "AthleticSprint",
      "FastGetup",
      "Plummet",
      "TimedKipUp",
      "FallTumble",
      "TacSprint",
      "FallRoll",
      "Replicate"],
      "SkillGroups": [
        "Patient_Training"
      ]
    },
    {
      "Filename": "Imaginary_M",
      "Root": "Imaginary_M",
      "AnimationSet": "Animset_Imaginary_M",
      "WeaponGenres": [
        "Improvised",
        "Tools",
        "Common",
        "Professional","CuttingEdge","Alphaware","Artillery","VideoGame","Magic","Nothing"
      ],
      "Behaviors": [
        "Runner",
        "Deadly",
        "Bubble",
        "HotFoot",
        "FreeAttacker",
        "WhiteNinja",
        "ItchyFinger",
        "ButtonMasher",
        "Hunter",
        "ADD",
        "Teleport_DodgePursue",
        "Enraged",
        "ChargeUpLover",
        "ChargeUpASAP",
        "SpreadsJoy",
        "GetAwayFromMe"
      ],
      "Traits": [
        "Hero",
        "Unconvertable",
        "ZedProof",
        "Soulless",
        "Uncounterable",
        "Invisible",
        "Incorporeal",
        "InfiniteAmmo",
        "NoDisarm",
        "Unphased"
      ],
      "Skills": ["Unarmed3",
      "Melee3",
      "Ranged3",
      "Acrobatic3",
      "LightPunch",
      "CritPunch",
      "SpecialStrike",
      "ImprovWeapon",
      "FocusPunch",
      "BetterSpecialStrike",
      "StunningFist",
      "CritPunchBonus",
      "PowerFinish",
      "ExposeCover",
      "Revelator",
      "MegaFinish",
      "Footwork",
      "Ablation",
      "Counter",
      "DashAttack",
      "DashHeavyAttack",
      "PunchEnerv",
      "MeleeCounter",
      "BasicGuard",
      "BetterGuard",
      "GuardAiming",
      "AdvancedGuard",
      "Reciprocate",
      "GuardMobility",
      "CounterCharging",
      "MeleeGuard",
      "AdvancedGuardMobility",
      "LightSwing",
      "CritSwing",
      "BluntKnockback",
      "FocusSwing",
      "FollowThrough",
      "CritSwingBonus",
      "BigWeapons",
      "BlockBreaker",
      "Positioning",
      "EdgedTiming",
      "MinorLeague",
      "DualMelee",
      "EdgedSpeed",
      "AdvancedDualMelee",
      "QuickUnsheath",
      "ZipAttack",
      "BasicBlock",
      "BetterBlock",
      "BlockAiming",
      "BlockMobility",
      "Riposte",
      "Parry",
      "AdvancedBlock",
      "BlockBullets",
      "DeflectBullets",
      "ReflectBullets",
      "AdvancedBlockMobility",
      "TacticalNovice",
      "MovingTarget",
      "TacticalJourneyman",
      "DodgeTackle",
      "SnapDodge",
      "ShootDodge",
      "PickupKick",
      "PickupLeaping",
      "TacticalMaster",
      "HeadLeap",
      "SprintFire",
      "PreciseThrow",
      "CatchThrown",
      "ShurikenThrow",
      "MadarangDisarm",
      "DeadlyThrow",
      "ShurikenArc",
      "LethalBluntThrow",
      "Lawnmower",
      "ThrowBig",
      "AthleticSprint",
      "FastGetup",
      "Plummet",
      "TimedKipUp",
      "FallTumble",
      "TacSprint",
      "FallRoll",
      "Replicate"],
      "SkillGroups": [
        "Patient_Training"
      ]
    },
    {
      "Filename": "Imaginary_R",
      "Root": "Imaginary_R",
      "AnimationSet": "Animset_Imaginary_R",
      "WeaponGenres": [
        "Improvised",
        "Tools",
        "Common",
        "Professional"
      ],
      "Behaviors": [
        "Runner",
        "Deadly",
        "Bubble",
        "HotFoot",
        "FreeAttacker",
        "WhiteNinja",
        "ItchyFinger",
        "ButtonMasher",
        "Hunter",
        "ADD",
        "Teleport_DodgePursue",
        "FarSight",
        "SpreadsJoy",
        "GetAwayFromMe"
      ],
      "Traits": [
        "Hero",
        "Unconvertable",
        "ZedProof",
        "Soulless",
        "Uncounterable",
        "Invisible",
        "Incorporeal",
        "InfiniteAmmo",
        "NoDisarm",
        "Unphased"
      ],
      "Skills": ["Unarmed3",
      "Melee3",
      "Ranged3",
      "Acrobatic3",
      "LightPunch",
      "CritPunch",
      "SpecialStrike",
      "ImprovWeapon",
      "FocusPunch",
      "BetterSpecialStrike",
      "StunningFist",
      "CritPunchBonus",
      "PowerFinish",
      "ExposeCover",
      "Revelator",
      "MegaFinish",
      "Footwork",
      "Ablation",
      "Counter",
      "DashAttack",
      "DashHeavyAttack",
      "PunchEnerv",
      "MeleeCounter",
      "BasicGuard",
      "BetterGuard",
      "GuardAiming",
      "AdvancedGuard",
      "Reciprocate",
      "GuardMobility",
      "CounterCharging",
      "MeleeGuard",
      "AdvancedGuardMobility",
      "LightSwing",
      "CritSwing",
      "BluntKnockback",
      "FocusSwing",
      "FollowThrough",
      "CritSwingBonus",
      "BigWeapons",
      "BlockBreaker",
      "Positioning",
      "EdgedTiming",
      "MinorLeague",
      "DualMelee",
      "EdgedSpeed",
      "AdvancedDualMelee",
      "QuickUnsheath",
      "ZipAttack",
      "BasicBlock",
      "BetterBlock",
      "BlockAiming",
      "BlockMobility",
      "Riposte",
      "Parry",
      "AdvancedBlock",
      "BlockBullets",
      "DeflectBullets",
      "ReflectBullets",
      "AdvancedBlockMobility",
      "TacticalNovice",
      "MovingTarget",
      "TacticalJourneyman",
      "DodgeTackle",
      "SnapDodge",
      "ShootDodge",
      "PickupKick",
      "PickupLeaping",
      "TacticalMaster",
      "HeadLeap",
      "SprintFire",
      "PreciseThrow",
      "CatchThrown",
      "ShurikenThrow",
      "MadarangDisarm",
      "DeadlyThrow",
      "ShurikenArc",
      "LethalBluntThrow",
      "Lawnmower",
      "ThrowBig",
      "AthleticSprint",
      "FastGetup",
      "Plummet",
      "TimedKipUp",
      "FallTumble",
      "TacSprint",
      "FallRoll",
      "Replicate"],
      "SkillGroups": [
        "Patient_Training"
      ]
    },
    {
      "Filename": "Imaginary_U",
      "Root": "Imaginary_U",
      "AnimationSet": "Animset_Imaginary_U",
      "SlamExplode": "MagSlam",
      "WeaponGenres": [
        "Improvised",
        "Tools",
        "Common",
        "Professional","CuttingEdge","Alphaware","Artillery","VideoGame","Magic","Nothing"
      ],
      "Behaviors": [
        "Runner",
        "Deadly",
        "Bubble",
        "HotFoot",
        "FreeAttacker",
        "WhiteNinja",
        "ItchyFinger",
        "ButtonMasher",
        "Hunter",
        "ADD",
        "Teleport_DodgePursue",
        "SpreadsJoy",
        "ChargeUpLover",
        "ChargeUpASAP",
        "Enraged",
        "RearSmash",
        "GetAwayFromMe"
      ],
      "Traits": [
        "Hero",
        "Unconvertable",
        "ZedProof",
        "Soulless",
        "Uncounterable",
        "Invisible",
        "Incorporeal",
        "InfiniteAmmo",
        "NoDisarm",
        "Unphased"
      ],
      "Skills": ["Unarmed3",
      "Melee3",
      "Ranged3",
      "Acrobatic3",
      "LightPunch",
      "CritPunch",
      "SpecialStrike",
      "ImprovWeapon",
      "FocusPunch",
      "BetterSpecialStrike",
      "StunningFist",
      "CritPunchBonus",
      "PowerFinish",
      "ExposeCover",
      "Revelator",
      "MegaFinish",
      "Footwork",
      "Ablation",
      "Counter",
      "DashAttack",
      "DashHeavyAttack",
      "PunchEnerv",
      "MeleeCounter",
      "BasicGuard",
      "BetterGuard",
      "GuardAiming",
      "AdvancedGuard",
      "Reciprocate",
      "GuardMobility",
      "CounterCharging",
      "MeleeGuard",
      "AdvancedGuardMobility",
      "LightSwing",
      "CritSwing",
      "BluntKnockback",
      "FocusSwing",
      "FollowThrough",
      "CritSwingBonus",
      "BigWeapons",
      "BlockBreaker",
      "Positioning",
      "EdgedTiming",
      "MinorLeague",
      "DualMelee",
      "EdgedSpeed",
      "AdvancedDualMelee",
      "QuickUnsheath",
      "ZipAttack",
      "BasicBlock",
      "BetterBlock",
      "BlockAiming",
      "BlockMobility",
      "Riposte",
      "Parry",
      "AdvancedBlock",
      "BlockBullets",
      "DeflectBullets",
      "ReflectBullets",
      "AdvancedBlockMobility",
      "TacticalNovice",
      "MovingTarget",
      "TacticalJourneyman",
      "DodgeTackle",
      "SnapDodge",
      "ShootDodge",
      "PickupKick",
      "PickupLeaping",
      "TacticalMaster",
      "HeadLeap",
      "SprintFire",
      "PreciseThrow",
      "CatchThrown",
      "ShurikenThrow",
      "MadarangDisarm",
      "DeadlyThrow",
      "ShurikenArc",
      "LethalBluntThrow",
      "Lawnmower",
      "ThrowBig",
      "AthleticSprint",
      "FastGetup",
      "Plummet",
      "TimedKipUp",
      "FallTumble",
      "TacSprint",
      "FallRoll",
      "Replicate"],
      "SkillGroups": [
        "Patient_Training"
      ]
    }
  ],
  "AnimationProfile": [
    {
      "Filename": "Animset_Imaginary_A",
      "Root": "Deimos",
      "Idle": "Idle_Tense"
    },
    {
      "Filename": "Animset_Imaginary_M",
      "Root": "TowerGuard 3",
      "Idle": "Idle_Disquieted",
      "Walk": "None",
      "Run": "None",
      "Dash": "None",
      "LandFall": "None"
    },
    {
      "Filename": "Animset_Imaginary_R",
      "Root": "N51",
      "Idle": "Idle_Crackpot"
    },
    {
      "Filename": "Animset_Imaginary_U",
      "Root": "HalfMag",
      "OverrideUnarmed": "None",
      "OverrideRanged": "None"
    }
  ]
}